,Date,Calories,Steps,Distance,floors,Minutes_sitting,Minutes_of_slow_activity,Minutes_of_moderate_activity,Minutes_of_intense_activity,Calories_Activity
0,08-05-2015,1.9340000000000002,905.0,0.65,0,1.355,46,0,0,168.0
1,09-05-2015,3.6310000000000002,18925.0,14.11,4,611.0,316,61,60,2248.0
2,10-05-2015,3.2039999999999997,14228.0,10.57,1,602.0,226,14,77,1719.0
3,11-05-2015,2.673,6756.0,5.02,8,749.0,190,23,4,962.0
4,12-05-2015,2.495,5020.0,3.73,1,876.0,171,0,0,736.0
5,13-05-2015,2.76,7790.0,5.79,15,726.0,172,34,18,1094.0
6,14-05-2015,2.687,5614.0,4.17,2,782.0,216,13,1,983.0
7,15-05-2015,2.793,8169.000000000001,6.07,14,801.0,218,8,7,1092.0
8,16-05-2015,4.061,19971.0,14.84,18,532.0,247,101,118,2700.0
9,17-05-2015,3.3489999999999998,8520.0,6.33,12,606.0,186,46,73,1766.0
10,18-05-2015,2.9610000000000003,11998.0,8.91,20,936.0,189,18,51,1371.0
11,19-05-2015,2.911,12425.0,9.23,14,827.0,186,18,54,1351.0
12,20-05-2015,2.569,6008.0,4.46,8,783.0,214,15,2,939.0
13,21-05-2015,3.228,16291.0,12.1,18,616.0,237,48,52,1766.0
14,22-05-2015,2.529,6111.0,4.54,8,820.0,190,14,5,882.0
15,23-05-2015,4.197,17928.0,13.32,17,533.0,262,79,132,2880.0
16,24-05-2015,3.8989999999999996,13893.0,10.32,6,641.0,222,33,140,2502.0
17,25-05-2015,2.519,5109.0,3.8,8,861.0,200,0,0,847.0
18,26-05-2015,2.3569999999999998,4430.0,3.29,6,1.2690000000000001,156,0,0,644.0
19,27-05-2015,3.2089999999999996,7498.0,5.57,18,692.0,196,64,50,1676.0
20,28-05-2015,2.8110000000000004,8490.0,6.31,14,771.0,212,8,13,1148.0
21,29-05-2015,2.5580000000000003,5650.0,4.2,8,789.0,208,0,0,890.0
22,30-05-2015,4.17,21479.0,15.98,16,503.0,230,55,153,2794.0
23,31-05-2015,3.533,18995.0,14.11,12,660.0,269,86,43,2092.0
24,01-06-2015,3.3539999999999996,16836.0,12.51,8,586.0,248,35,70,1862.0
25,02-06-2015,3.3689999999999998,15944.0,11.85,29,640.0,214,15,93,1827.0
26,03-06-2015,3.168,14273.0,10.6,11,721.0,178,16,89,1592.0
27,04-06-2015,3.47,16059.999999999998,11.93,11,724.0,239,38,70,1939.0
28,05-06-2015,3.134,13594.0,10.1,16,677.0,215,36,52,1583.0
29,06-06-2015,3.4360000000000004,15480.0,11.5,11,520.0,246,78,42,1927.0
30,07-06-2015,3.634,19440.0,14.48,8,966.0,210,28,130,2155.0
31,08-06-2015,3.267,13926.0,10.35,21,701.0,265,63,29,1785.0
32,09-06-2015,3.072,11338.0,8.42,28,806.0,228,43,31,1494.0
33,10-06-2015,2.75,7140.0,5.31,12,785.0,220,20,4,1081.0
34,11-06-2015,3.187,15449.0,11.48,22,676.0,205,39,64,1676.0
35,12-06-2015,3.207,11920.0,8.86,11,593.0,352,34,11,1777.0
36,13-06-2015,4.083,26444.0,19.65,22,549.0,429,56,56,2818.0
37,14-06-2015,2.7889999999999997,12335.0,9.16,35,1.245,88,10,93,1209.0
38,15-06-2015,3.234,14137.0,10.5,11,642.0,305,8,51,1756.0
39,16-06-2015,2.952,11568.0,8.66,13,734.0,189,17,54,1352.0
40,17-06-2015,3.352,16813.0,12.52,52,709.0,202,2,110,1809.0
41,18-06-2015,3.425,15217.0,11.31,61,641.0,280,44,59,1974.0
42,19-06-2015,3.09,13158.0,9.78,101,715.0,171,30,66,1511.0
43,20-06-2015,3.699,19311.0,14.35,14,519.0,291,55,93,2348.0
44,21-06-2015,3.385,16186.0,12.03,42,637.0,229,52,75,1921.0
45,22-06-2015,3.088,12713.0,9.48,59,631.0,225,24,44,1533.0
46,23-06-2015,2.823,9132.0,6.79,15,777.0,223,32,15,1236.0
47,24-06-2015,3.678,20239.0,15.04,25,621.0,292,37,95,2292.0
48,25-06-2015,3.003,11199.0,8.32,28,737.0,227,36,20,1419.0
49,26-06-2015,3.534,20269.0,15.06,4,720.0,218,54,99,2078.0
50,27-06-2015,3.022,11655.0,8.66,10,670.0,220,28,53,1491.0
51,28-06-2015,3.237,12314.0,9.15,21,601.0,290,25,51,1750.0
52,29-06-2015,3.142,12586.0,9.35,19,735.0,234,35,49,1579.0
53,30-06-2015,2.945,12445.0,9.25,11,635.0,200,18,58,1393.0
54,01-07-2015,3.352,14193.0,10.55,19,669.0,210,47,70,1782.0
55,02-07-2015,3.063,11560.0,8.62,30,708.0,158,25,67,1419.0
56,03-07-2015,3.465,15695.0,11.66,22,648.0,248,63,54,1947.0
57,04-07-2015,2.8939999999999997,9747.0,7.24,8,646.0,253,22,19,1337.0
58,05-07-2015,3.515,15731.0,11.69,17,567.0,317,52,55,2111.0
59,06-07-2015,2.699,8391.0,6.23,11,877.0,136,36,30,1082.0
60,07-07-2015,2.74,8326.0,6.19,11,1.1179999999999999,217,10,3,1106.0
61,08-07-2015,3.2439999999999998,14241.0,10.58,14,700.0,234,22,59,1662.0
62,09-07-2015,2.9939999999999998,7298.0,5.42,6,836.0,290,10,1,1322.0
63,10-07-2015,3.134,10644.0,7.91,15,683.0,283,36,17,1606.0
64,11-07-2015,3.1910000000000003,12371.0,9.19,11,639.0,194,46,60,1589.0
65,12-07-2015,2.81,7580.0,5.63,10,607.0,258,16,0,1201.0
66,13-07-2015,3.259,12168.0,9.04,18,731.0,212,52,60,1725.0
67,14-07-2015,3.383,15135.0,11.28,20,740.0,167,47,87,1813.0
68,15-07-2015,3.569,14996.0,11.14,32,573.0,321,50,54,2155.0
69,16-07-2015,3.017,8704.0,6.47,14,697.0,225,31,29,1392.0
70,17-07-2015,3.228,12739.0,9.47,16,761.0,247,47,47,1733.0
71,18-07-2015,3.352,13247.0,9.84,20,484.0,317,31,47,1910.0
72,19-07-2015,3.237,11660.0,8.66,10,680.0,286,5,53,1703.0
73,20-07-2015,3.278,13702.0,10.18,21,708.0,246,48,43,1775.0
74,21-07-2015,3.04,11240.0,8.35,17,732.0,208,52,24,1438.0
75,22-07-2015,3.071,13262.0,9.85,20,1.093,166,33,70,1495.0
76,23-07-2015,2.984,9090.0,6.75,17,719.0,234,23,23,1349.0
77,24-07-2015,3.468,15779.0,11.72,23,618.0,346,48,21,2073.0
78,25-07-2015,2.7060000000000004,6174.0,4.59,3,677.0,231,13,4,1046.0
79,26-07-2015,3.09,11614.0,8.63,9,503.0,301,2,40,1573.0
80,27-07-2015,3.091,13460.0,10.0,13,822.0,190,29,64,1527.0
81,28-07-2015,2.98,10000.0,7.43,13,803.0,230,44,11,1370.0
82,29-07-2015,3.138,10680.0,7.94,16,634.0,322,21,4,1628.0
83,30-07-2015,3.2460000000000004,14105.0,10.48,20,718.0,225,60,44,1727.0
84,31-07-2015,2.654,9194.0,6.83,20,784.0,198,7,0,914.0
85,01-08-2015,3.4530000000000003,17497.0,13.02,11,1.092,219,54,45,1673.0
86,02-08-2015,2.6510000000000002,5765.0,4.28,8,544.0,245,6,6,1039.0
87,03-08-2015,3.42,15362.0,11.41,16,683.0,226,65,54,1883.0
88,04-08-2015,2.863,9870.0,7.33,20,793.0,186,28,32,1225.0
89,05-08-2015,3.326,14502.0,10.78,34,520.0,250,41,59,1838.0
90,06-08-2015,3.472,14652.0,10.89,26,562.0,350,42,20,2079.0
91,07-08-2015,2.8489999999999998,7628.0,5.67,11,638.0,283,11,8,1297.0
92,08-08-2015,3.168,13877.0,10.31,32,609.0,206,57,51,1638.0
93,09-08-2015,3.109,11433.0,8.49,15,561.0,236,40,35,1564.0
94,10-08-2015,3.139,13655.0,10.15,13,985.0,285,8,23,1617.0
95,11-08-2015,2.8569999999999998,13535.0,10.08,7,1.348,44,4,14,347.0
96,12-08-2015,2.055,1883.0,1.4,1,1.37,70,0,0,287.0
97,13-08-2015,3.218,11354.0,8.44,8,694.0,366,4,10,1718.0
98,14-08-2015,3.01,11532.0,8.57,4,572.0,301,26,10,1542.0
99,15-08-2015,2.813,6129.0,4.55,3,635.0,256,8,1,1159.0
100,16-08-2015,2.7060000000000004,6238.0,4.64,3,688.0,267,0,0,1084.0
101,17-08-2015,3.6830000000000003,15572.0,11.57,9,515.0,472,33,14,2362.0
102,18-08-2015,3.1060000000000003,10886.0,8.09,19,639.0,292,27,20,1578.0
103,19-08-2015,3.217,12213.0,9.07,6,421.0,381,13,8,1834.0
104,20-08-2015,3.4210000000000003,12929.0,9.61,4,565.0,425,25,18,2070.0
105,21-08-2015,3.3819999999999997,16364.999999999998,12.16,5,461.0,329,45,16,1950.0
106,22-08-2015,3.498,17252.0,12.82,15,481.0,382,19,42,2164.0
107,23-08-2015,3.2880000000000003,14537.0,10.8,3,518.0,345,19,47,1937.0
108,24-08-2015,3.215,13404.0,9.96,18,685.0,192,38,71,1648.0
109,25-08-2015,3.063,10940.0,8.13,12,697.0,199,52,50,1530.0
110,26-08-2015,2.928,10032.0,7.45,13,757.0,175,45,45,1328.0
111,27-08-2015,3.2289999999999996,14008.0,10.41,6,544.0,334,18,35,1828.0
112,28-08-2015,3.3560000000000003,12149.0,9.03,11,1.051,369,9,11,1861.0
113,29-08-2015,3.89,19977.0,14.84,26,648.0,395,23,74,2540.0
114,30-08-2015,2.9610000000000003,11924.0,8.91,64,1.421,0,0,0,0.0
115,31-08-2015,3.136,10757.0,7.99,15,1.187,145,43,65,1532.0
116,01-09-2015,3.681,12229.0,9.11,24,689.0,421,17,16,2200.0
117,02-09-2015,3.009,10330.0,7.68,16,770.0,248,16,15,1369.0
118,03-09-2015,3.094,11689.0,8.69,11,1.043,182,50,51,1530.0
119,04-09-2015,3.5180000000000002,15627.0,11.61,26,606.0,284,50,55,2063.0
120,05-09-2015,2.885,10681.0,7.94,1,656.0,240,15,30,1356.0
121,06-09-2015,2.745,7907.0,5.88,0,654.0,287,0,0,1217.0
122,07-09-2015,2.8289999999999997,9487.0,7.05,17,1.156,152,40,28,1197.0
123,08-09-2015,2.742,8253.0,6.13,11,1.137,91,16,29,763.0
124,09-09-2015,4.351,22238.0,16.52,16,355.0,407,87,85,3181.0
125,10-09-2015,2.967,10650.0,7.91,15,940.0,198,38,42,1421.0
126,11-09-2015,3.054,12038.0,8.94,14,700.0,201,44,57,1530.0
127,12-09-2015,2.937,11480.0,8.53,2,462.0,315,8,13,1481.0
128,13-09-2015,2.977,9199.0,6.84,5,600.0,361,15,8,1564.0
129,14-09-2015,2.947,9564.0,7.11,16,1.1179999999999999,168,43,46,1355.0
130,15-09-2015,2.821,9019.0,6.7,13,755.0,144,72,25,1247.0
131,16-09-2015,3.0410000000000004,10239.0,7.61,13,675.0,192,35,46,1464.0
132,17-09-2015,2.7960000000000003,7739.0,5.75,14,741.0,211,17,10,1140.0
133,18-09-2015,2.978,12620.0,9.38,9,773.0,170,59,39,1419.0
134,19-09-2015,3.16,14226.0,10.57,11,669.0,291,35,41,1736.0
135,20-09-2015,2.325,3858.0,2.87,1,1.255,185,0,0,700.0
136,21-09-2015,3.458,17603.0,13.08,35,1.053,223,56,67,1912.0
137,22-09-2015,2.988,10699.0,7.95,17,655.0,252,32,21,1471.0
138,23-09-2015,2.5610000000000004,7261.0,5.39,17,908.0,135,14,18,869.0
139,24-09-2015,3.159,10608.0,7.88,17,1.107,177,63,52,1600.0
140,25-09-2015,3.193,12271.0,9.12,7,548.0,323,34,24,1799.0
141,26-09-2015,2.9339999999999997,9998.0,7.45,2,782.0,327,0,0,1431.0
142,27-09-2015,2.589,5757.0,4.28,1,800.0,270,0,0,1033.0
143,28-09-2015,2.8739999999999997,8995.0,6.68,13,826.0,171,45,33,1290.0
144,29-09-2015,2.7569999999999997,7553.0,5.61,13,789.0,163,54,15,1146.0
145,30-09-2015,2.714,6494.0,4.83,11,711.0,208,26,5,1092.0
146,01-10-2015,2.7119999999999997,7951.0,5.91,11,667.0,191,40,9,1126.0
147,02-10-2015,2.8089999999999997,7424.0,5.52,8,801.0,179,43,25,1206.0
148,03-10-2015,2.322,6813.0,5.06,0,1.315,75,41,9,667.0
149,04-10-2015,2.319,3991.0,2.97,1,1.136,163,0,0,645.0
150,05-10-2015,2.859,9725.0,7.23,6,988.0,268,24,14,1378.0
151,06-10-2015,2.978,8936.0,6.64,16,780.0,205,46,27,1383.0
152,07-10-2015,2.678,6565.0,4.88,10,841.0,157,27,20,1008.9999999999999
153,08-10-2015,2.767,7865.0,5.84,15,1.1179999999999999,204,32,13,1178.0
154,09-10-2015,2.549,8718.0,6.48,10,976.0,65,0,0,258.0
155,10-10-2015,2.918,12364.0,9.22,0,1.046,234,29,32,1423.0
156,11-10-2015,2.509,5216.0,3.88,1,1.2429999999999999,175,17,5,878.0
157,12-10-2015,2.687,6580.0,4.89,10,1.246,104,57,33,1059.0
158,13-10-2015,2.698,7015.0,5.21,10,1.244,130,37,29,1036.0
159,14-10-2015,2.6210000000000004,8103.0,6.02,5,1.219,215,4,2,1016.9999999999999
160,15-10-2015,2.698,6962.0,5.17,11,1.234,115,57,28,1075.0
161,16-10-2015,3.295,16478.0,12.3,12,643.0,304,8,43,1833.0
162,17-10-2015,2.8710000000000004,11603.0,8.62,3,732.0,236,38,22,1384.0
163,18-10-2015,2.8989999999999996,11429.0,8.49,0,962.0,269,8,17,1390.0
164,19-10-2015,2.5810000000000004,6293.0,4.68,1,854.0,226,0,0,956.0
165,20-10-2015,2.6719999999999997,7269.0,5.4,14,1.29,105,22,23,791.0
166,21-10-2015,2.406,4471.0,3.32,2,1.1340000000000001,165,0,0,686.0
167,22-10-2015,3.41,17913.0,13.31,7,1.053,210,39,75,1851.0
168,23-10-2015,2.511,5431.0,4.04,1,678.0,166,9,13,808.0
169,24-10-2015,2.907,11672.0,8.67,0,663.0,222,48,29,1401.0
170,25-10-2015,3.435,14777.0,10.98,0,597.0,302,57,39,1943.0
171,26-10-2015,2.931,9171.0,6.81,9,767.0,273,30,7,1414.0
172,27-10-2015,2.867,8807.0,6.54,11,810.0,224,29,12,1275.0
173,28-10-2015,2.47,5623.0,4.18,2,779.0,170,19,3,817.0
174,29-10-2015,3.109,12910.0,9.59,20,1.091,258,24,20,1519.0
175,30-10-2015,2.9419999999999997,8805.0,6.54,12,821.0,170,51,29,1264.0
176,31-10-2015,2.736,7107.0,5.28,0,510.0,277,0,0,1162.0
177,01-11-2015,2.395,3862.0,2.87,0,889.0,166,0,0,661.0
178,02-11-2015,2.59,7368.0,5.47,13,1.2790000000000001,126,22,13,777.0
179,03-11-2015,2.403,6269.0,4.66,9,1.43,10,0,0,37.0
180,04-11-2015,2.917,8520.0,6.33,14,662.0,191,43,24,1294.0
181,05-11-2015,2.8510000000000004,8116.0,6.03,13,827.0,228,37,8,1258.0
182,06-11-2015,2.82,8268.0,6.14,14,776.0,145,75,22,1218.0
183,07-11-2015,3.69,14489.0,10.77,0,525.0,280,52,68,2285.0
184,08-11-2015,3.0669999999999997,9212.0,6.84,2,508.0,198,27,53,1510.0
185,09-11-2015,2.8280000000000003,9500.0,7.06,0,756.0,218,28,13,1225.0
186,10-11-2015,3.3360000000000003,11151.0,8.29,1,705.0,198,40,79,1799.0
187,11-11-2015,2.867,12351.0,9.18,1,981.0,181,66,24,1353.0
188,12-11-2015,2.847,10670.0,7.93,1,684.0,162,17,61,1228.0
189,13-11-2015,2.46,5574.0,4.14,1,1.209,156,8,16,778.0
190,14-11-2015,3.445,11587.0,8.61,4,608.0,159,41,103,1953.0
191,15-11-2015,2.853,9499.0,7.06,2,738.0,167,28,44,1219.0
192,16-11-2015,3.59,13788.0,10.53,18,978.0,282,31,61,1990.0
193,17-11-2015,3.792,18361.0,13.72,33,543.0,366,73,42,2462.0
194,18-11-2015,3.222,14055.0,10.44,10,673.0,268,53,27,1771.0
195,19-11-2015,3.092,11927.0,8.86,9,726.0,305,21,37,1650.0
196,20-11-2015,3.395,15221.0,11.31,6,464.0,316,40,58,2004.0
197,21-11-2015,2.802,8568.0,6.42,1,1.1740000000000002,249,3,14,1209.0
198,22-11-2015,2.177,3284.0,2.44,0,1.2690000000000001,98,3,8,477.0
199,23-11-2015,3.035,9408.0,6.99,1,682.0,295,31,14,1552.0
200,24-11-2015,2.843,10261.0,7.62,1,1.182,210,2,46,1262.0
201,25-11-2015,2.8289999999999997,8218.0,6.11,22,1.1420000000000001,155,50,22,1177.0
202,26-11-2015,3.076,9760.0,7.25,13,1.13,214,61,30,1502.0
203,27-11-2015,3.242,10769.0,8.0,17,725.0,222,60,42,1711.0
204,28-11-2015,3.2539999999999996,11671.0,8.7,5,643.0,375,7,15,1776.0
205,29-11-2015,3.247,14444.0,10.73,14,618.0,258,39,51,1821.0
206,30-11-2015,4.012,23313.0,17.32,16,550.0,389,67,75,2743.0
207,01-12-2015,3.2319999999999998,16810.0,12.49,14,750.0,152,9,97,1618.0
208,02-12-2015,3.125,10745.0,8.01,10,634.0,174,48,62,1559.0
209,03-12-2015,3.165,10784.0,8.04,14,774.0,201,25,68,1600.0
210,04-12-2015,2.835,10740.0,8.08,11,1.1,146,39,52,1271.0
211,05-12-2015,2.872,8531.0,6.36,0,723.0,325,0,0,1354.0
212,06-12-2015,3.072,12738.0,9.46,10,811.0,244,45,35,1579.0
213,07-12-2015,3.1069999999999998,13520.0,10.07,13,672.0,261,13,50,1603.0
214,08-12-2015,3.801,15884.0,11.83,2,962.0,248,25,123,2393.0
215,09-12-2015,3.062,10026.0,7.45,17,803.0,204,29,38,1449.0
216,10-12-2015,3.0439999999999996,11868.0,8.84,17,1.19,170,26,54,1411.0
217,11-12-2015,3.082,12381.0,9.22,17,1.0959999999999999,212,30,52,1503.0
218,12-12-2015,2.766,7157.0,5.32,11,605.0,290,0,0,1216.0
219,13-12-2015,2.787,7055.0,5.24,2,690.0,248,19,6,1182.0
220,14-12-2015,2.8310000000000004,9348.0,6.99,18,827.0,179,22,42,1229.0
221,15-12-2015,2.7110000000000003,8566.0,6.39,15,898.0,137,28,33,1038.0
222,16-12-2015,2.714,9786.0,7.27,20,1.1179999999999999,159,29,28,1110.0
223,17-12-2015,2.7089999999999996,8371.0,6.22,18,1.069,146,31,24,1050.0
224,18-12-2015,2.917,9428.0,7.01,10,1.141,220,43,21,1331.0
225,19-12-2015,3.11,13742.0,10.21,6,579.0,357,15,22,1734.0
226,20-12-2015,3.391,15636.0,11.73,2,550.0,316,56,23,1973.0
227,21-12-2015,3.145,12778.0,9.49,15,664.0,313,42,6,1678.0
228,22-12-2015,2.636,7378.0,5.48,12,838.0,176,33,12,1044.0
229,23-12-2015,1.7890000000000001,0.0,0.0,0,1.44,0,0,0,0.0
230,24-12-2015,2.573,6452.0,4.79,0,1.217,223,0,0,962.0
231,25-12-2015,2.8080000000000003,7837.0,5.82,0,663.0,332,0,0,1311.0
232,26-12-2015,2.6260000000000003,6504.0,4.83,0,588.0,282,0,0,1089.0
233,27-12-2015,2.6039999999999996,6444.0,4.84,1,746.0,252,0,0,1030.0
234,28-12-2015,2.845,7845.0,5.83,2,686.0,337,0,0,1359.0
235,29-12-2015,3.135,12260.0,9.11,11,636.0,375,3,26,1718.0
236,30-12-2015,3.05,12154.0,9.05,9,617.0,276,6,45,1567.0
237,31-12-2015,2.8560000000000003,7801.0,5.8,0,577.0,362,0,0,1394.0
238,01-01-2016,2.992,10460.0,7.92,0,685.0,375,0,0,1558.0
239,02-01-2016,3.265,13837.0,10.33,7,601.0,339,15,36,1841.0
240,03-01-2016,3.09,12517.0,9.3,11,1.034,272,9,49,1566.0
241,04-01-2016,3.116,10366.0,7.7,16,650.0,235,53,30,1590.0
242,05-01-2016,3.241,12127.0,9.13,16,682.0,284,47,28,1760.0
243,06-01-2016,2.992,11327.0,8.42,14,613.0,314,5,32,1530.0
244,07-01-2016,3.1460000000000004,11098.0,8.25,15,720.0,247,53,30,1630.0
245,08-01-2016,3.174,12395.0,9.23,2,567.0,405,7,8,1812.0
246,09-01-2016,2.615,6643.0,4.94,0,676.0,283,0,0,1093.0
247,10-01-2016,2.7110000000000003,8846.0,6.57,9,1.167,183,36,29,1197.0
248,11-01-2016,3.013,9642.0,7.16,15,758.0,247,44,24,1472.0
249,12-01-2016,2.9930000000000003,9982.0,7.42,8,839.0,222,30,26,1387.0
250,13-01-2016,2.627,6613.0,4.91,11,857.0,205,13,3,1020.0
251,14-01-2016,3.128,12161.0,9.21,11,719.0,198,34,60,1560.0
252,15-01-2016,3.361,14837.0,11.37,11,687.0,210,58,71,1917.0
253,16-01-2016,3.3789999999999996,16759.0,12.59,7,589.0,333,23,59,1977.0
254,17-01-2016,2.878,9602.0,7.26,0,547.0,279,4,15,1314.0
255,18-01-2016,2.144,3761.0,2.79,7,998.0,99,5,3,467.0
256,19-01-2016,2.543,7456.0,5.6,6,1.215,103,22,35,881.0
257,20-01-2016,3.472,16755.0,12.78,10,551.0,331,24,51,2073.0
258,21-01-2016,3.218,11937.0,8.96,12,699.0,254,57,32,1729.0
259,22-01-2016,3.426,14577.0,10.96,5,519.0,391,34,22,2110.0
260,23-01-2016,3.615,17541.0,13.12,9,570.0,358,50,45,2286.0
261,24-01-2016,1.801,39.0,0.03,0,1.0759999999999998,5,0,0,16.0
262,25-01-2016,2.42,6610.0,4.91,10,1.27,93,24,26,756.0
263,26-01-2016,3.0660000000000003,13073.0,9.71,18,790.0,166,52,61,1521.0
264,27-01-2016,2.886,9997.0,7.46,9,759.0,164,52,28,1291.0
265,28-01-2016,3.092,10707.0,7.96,10,753.0,262,57,18,1592.0
266,29-01-2016,2.931,9952.0,7.39,17,760.0,233,30,26,1400.0
267,30-01-2016,3.034,9774.0,7.26,0,519.0,357,16,2,1641.0
268,31-01-2016,2.787,6260.0,4.65,0,671.0,298,0,0,1277.0
269,01-02-2016,2.986,11426.0,8.52,12,911.0,192,48,43,1478.0
270,02-02-2016,2.9739999999999998,10466.0,7.78,13,802.0,152,48,48,1333.0
271,03-02-2016,3.199,12866.0,9.63,11,767.0,271,45,28,1703.0
272,04-02-2016,2.037,2449.0,1.87,0,821.0,80,0,0,337.0
273,05-02-2016,3.11,10434.0,7.75,13,718.0,243,42,29,1544.0
274,05-02-2016,3.11,10434.0,7.75,13,718.0,243,42,29,1544.0
275,06-02-2016,3.177,12578.0,9.4,0,563.0,388,10,11,1784.0
276,07-02-2016,3.182,15373.0,11.7,12,599.0,273,10,62,1729.0
277,08-02-2016,3.2060000000000004,12327.0,9.24,8,699.0,278,28,30,1680.0
278,09-02-2016,2.872,10457.0,7.82,14,847.0,181,15,41,1252.0
279,10-02-2016,2.662,9900.0,7.43,21,1.237,156,6,41,1098.0
280,11-02-2016,2.8989999999999996,8966.0,6.66,14,802.0,235,21,20,1299.0
281,12-02-2016,2.8160000000000003,8353.0,6.21,19,732.0,219,17,26,1187.0
282,13-02-2016,3.235,13907.0,10.36,0,551.0,357,15,15,1813.0
283,14-02-2016,3.2889999999999997,14183.0,10.54,13,617.0,374,45,12,1941.0
284,15-02-2016,2.7510000000000003,8453.0,6.28,11,1.304,124,8,4,589.0
285,16-02-2016,2.927,7995.0,5.98,15,802.0,231,34,16,1347.0
286,17-02-2016,2.783,6707.0,4.98,10,913.0,174,36,19,1131.0
287,18-02-2016,2.804,8109.0,6.1,13,1.212,143,42,33,1146.0
288,19-02-2016,2.815,11971.0,9.23,11,865.0,179,3,51,1234.0
289,20-02-2016,2.96,11371.0,8.45,0,457.0,327,14,19,1533.0
290,21-02-2016,2.0380000000000003,2190.0,1.63,0,954.0,93,0,0,351.0
291,22-02-2016,2.594,6592.0,4.93,10,1.234,155,23,14,958.0
292,23-02-2016,2.841,8624.0,6.41,10,739.0,193,36,25,1220.0
293,24-02-2016,2.9330000000000003,8307.0,6.17,12,762.0,195,25,37,1305.0
294,25-02-2016,2.8160000000000003,7941.0,5.9,9,878.0,142,47,32,1184.0
295,26-02-2016,2.764,8050.000000000001,5.98,9,1.203,177,40,20,1150.0
296,27-02-2016,3.029,9923.0,7.37,5,1.124,184,25,44,1306.0
297,28-02-2016,2.844,9504.0,7.15,2,687.0,283,10,1,1322.0
298,29-02-2016,2.612,6847.0,5.09,10,731.0,206,20,1,1022.9999999999999
299,01-03-2016,3.117,11618.0,8.66,12,776.0,217,59,29,1584.0
300,02-03-2016,2.897,10450.0,7.76,19,765.0,199,35,26,1292.0
301,03-03-2016,2.864,11478.0,8.69,17,749.0,167,5,45,1219.0
302,04-03-2016,2.9960000000000004,10650.0,7.97,13,754.0,227,31,30,1420.0
303,05-03-2016,2.228,3103.0,2.31,1,1.042,155,0,0,572.0
304,06-03-2016,2.66,6960.0,5.2,0,1.105,280,0,0,1103.0
305,07-03-2016,3.22,16699.0,13.4,11,791.0,158,9,97,1664.0
306,08-03-2016,3.083,14068.0,11.26,14,824.0,167,8,65,1469.0
307,09-03-2016,3.339,18092.0,14.05,19,1.12,243,8,69,1833.0
308,10-03-2016,3.307,18530.0,14.71,20,793.0,162,21,100,1766.0
309,11-03-2016,3.135,14587.0,10.86,2,1.013,313,14,38,1726.0
310,12-03-2016,2.84,9992.0,7.45,4,685.0,339,0,13,1438.0
311,13-03-2016,1.79,0.0,0.0,0,1.44,0,0,0,0.0
312,14-03-2016,2.5380000000000003,9336.0,7.4,11,1.288,73,4,50,850.0
313,15-03-2016,3.133,15596.0,12.61,13,782.0,187,3,77,1557.0
314,16-03-2016,3.96,25385.0,20.45,17,638.0,254,17,124,2556.0
315,17-03-2016,3.15,14577.0,11.46,17,823.0,162,10,81,1553.0
316,18-03-2016,3.214,16667.0,13.08,12,832.0,173,9,90,1647.0
317,19-03-2016,3.87,13361.0,9.93,7,530.0,418,38,50,2548.0
318,20-03-2016,2.7310000000000003,6754.0,5.02,1,564.0,315,0,0,1237.0
319,21-03-2016,2.464,5424.0,4.03,10,1.047,193,7,2,859.0
320,22-03-2016,3.555,17913.0,13.41,15,593.0,382,22,55,2243.0
321,23-03-2016,3.063,14324.0,10.89,14,669.0,222,10,59,1542.0
322,24-03-2016,2.503,8048.999999999999,6.03,8,1.09,123,3,24,817.0
323,25-03-2016,3.052,11122.0,8.29,0,599.0,386,9,0,1646.0
324,26-03-2016,3.0210000000000004,9570.0,7.11,1,879.0,395,0,0,1587.0
325,27-03-2016,2.2230000000000003,4667.0,3.47,0,889.0,114,20,2,588.0
326,28-03-2016,1.79,0.0,0.0,0,1.44,0,0,0,0.0
327,29-03-2016,2.648,9781.0,7.34,12,1.23,139,6,39,1008.9999999999999
328,30-03-2016,3.7680000000000002,21383.0,16.69,17,641.0,384,23,57,2417.0
329,31-03-2016,3.512,20109.0,15.18,21,629.0,302,35,63,2107.0
330,01-04-2016,2.8139999999999996,11130.0,8.61,8,900.0,162,3,54,1176.0
331,02-04-2016,2.884,8250.0,6.13,0,950.0,314,7,1,1335.0
332,03-04-2016,2.931,8682.0,6.45,0,669.0,355,0,0,1437.0
333,04-04-2016,3.3139999999999996,17535.0,13.66,14,881.0,168,8,102,1731.0
334,05-04-2016,3.83,20154.0,15.05,3,445.0,471,28,45,2580.0
335,06-04-2016,4.112,23286.0,17.84,19,561.0,451,28,67,2850.0
336,07-04-2016,3.048,13004.0,9.87,14,856.0,214,3,58,1472.0
337,08-04-2016,3.241,13441.0,10.04,2,449.0,439,0,0,1874.0
338,09-04-2016,3.0380000000000003,10216.0,7.59,0,535.0,390,0,0,1607.0
339,10-04-2016,2.3040000000000003,5634.0,4.19,0,921.0,92,41,4,659.0
340,11-04-2016,3.4189999999999996,17422.0,13.38,34,674.0,290,14,61,1928.0
341,12-04-2016,3.179,14475.0,10.92,14,664.0,291,10,47,1696.0
342,13-04-2016,3.427,17777.0,13.66,20,696.0,276,10,80,1967.0
343,14-04-2016,3.4789999999999996,19087.0,14.65,17,711.0,221,12,96,1954.0
344,15-04-2016,3.5010000000000003,16290.0,12.2,12,467.0,427,25,11,2166.0
345,16-04-2016,3.342,14252.0,10.64,6,675.0,323,60,18,1947.0
346,17-04-2016,2.7689999999999997,8262.0,6.14,3,1.089,302,0,0,1266.0
347,18-04-2016,3.486,19450.0,15.06,18,860.0,190,6,98,1926.0
348,19-04-2016,3.596,17232.0,13.61,17,1.002,262,4,88,2085.0
349,20-04-2016,3.321,16946.0,12.93,25,762.0,238,5,67,1795.0
350,21-04-2016,3.464,19183.0,14.67,24,723.0,218,7,97,1964.0
351,22-04-2016,3.3280000000000003,12963.0,9.66,10,404.0,436,14,10,2020.0
352,23-04-2016,2.612,6456.0,4.8,6,782.0,305,0,0,1135.0
353,24-04-2016,2.863,10413.0,7.73,6,700.0,269,28,24,1411.0
354,25-04-2016,3.175,10499.0,7.8,0,661.0,430,9,4,1805.0
355,26-04-2016,3.3569999999999998,17226.0,12.97,19,751.0,185,16,95,1798.0
356,27-04-2016,3.6310000000000002,19784.0,15.51,25,694.0,151,26,128,2070.0
357,28-04-2016,4.03,25571.0,19.3,15,606.0,293,42,129,2711.0
358,29-04-2016,3.4419999999999997,17528.0,13.36,15,594.0,239,8,82,1931.0
359,30-04-2016,3.0610000000000004,9831.0,7.3,1,561.0,414,0,0,1651.0
360,01-05-2016,3.3310000000000004,14262.0,10.6,5,666.0,361,21,41,1937.0
361,02-05-2016,2.989,13236.0,9.98,12,770.0,234,8,38,1477.0
362,03-05-2016,3.7960000000000003,18588.0,14.13,16,599.0,275,49,79,2360.0
363,04-05-2016,3.525,16382.000000000002,12.39,16,684.0,333,10,55,2075.0
364,05-05-2016,3.6489999999999996,21913.0,16.4,19,701.0,287,29,90,2249.0
365,06-05-2016,3.5389999999999997,19023.0,14.79,15,575.0,298,8,85,2112.0
366,07-05-2016,3.04,9526.0,7.08,2,564.0,370,13,10,1604.0
